Tribe,species,sexual_system,pollination_syndrome,inflorescence,involucral_bracts,glandular_structures_with_yellow_dye_in_the_inflorescences,geography,growth_habit,latex
Urticaceae,Boehmeria_nivea,0,0,0,0,0,0,3,2
Urticaceae,Cecropia_ficifolia,1,0,0,0,0,1,4,2
Urticaceae,Elatostema_retrohirtum,1,0,0,1,0,0,1,2
Urticaceae,Leucosyke_capitellata,1,0,0,0,0,0,4,2
Urticaceae,Myriocarpa_obovata,1,0,0,0,0,1,4,2
Urticaceae,Oreocnide_trinervis,1,0,0,0,0,0,4,2
Urticaceae,Parietaria_judaica,0,0,1,0,0,0,1,2
Urticaceae,Pellionia_repens,2,0,0,1,0,0,1,2
Urticaceae,Pilea_longicaulis,1,0,0,0,0,0,1,2
Urticaceae,Poikilospermum_nobile,1,0,0,0,0,0,2,2
Urticaceae,Pouzolzia_zeylanica,0,0,1,0,0,0,1,2
Urticaceae,Urtica_urens,0,0,1,0,0,0,1,2
Moreae,Afromorus_mesozygia,1,0,0,0,0,0,4,1
Dorstenieae,Allaeanthus_luzonicus,1,0,0,0,0,0,4,1
Moreae,Ampalis_dimepate,1,0,0,0,0,0,4,1
Moreae,Ampalis_mauritiana,1,0,0,0,0,0,4,2
Antiaropsideae,Antiaris_toxicaria_SRR13279561,0,0,0,1,0,0,4,1
Antiaropsideae,Antiaropsis_decipiens,1,1,0,1,0,0,4,1
Artocarpeae,Artocarpus_altilis,0,0,0,0,0,0,4,1
Artocarpeae,Artocarpus_altissimus,0,1,0,0,0,0,4,1
Artocarpeae,Artocarpus_anisophyllus,0,1,0,0,0,0,4,1
Artocarpeae,Artocarpus_annulatus,0,1,0,0,0,0,4,1
Artocarpeae,Artocarpus_bergii,0,1,0,0,0,0,4,1
Artocarpeae,Artocarpus_blancoi,0,1,0,0,0,0,4,1
Artocarpeae,Artocarpus_borneensis,0,1,0,0,0,0,4,1
Artocarpeae,Artocarpus_brevipedunculatus,0,1,0,0,0,0,4,1
Artocarpeae,Artocarpus_callophyllus,0,1,0,0,0,0,4,1
Artocarpeae,Artocarpus_camansi,0,0,0,0,0,0,4,1
Artocarpeae,Artocarpus_chama,0,1,0,0,0,0,4,1
Artocarpeae,Artocarpus_clementis,0,1,0,0,0,0,4,1
Artocarpeae,Artocarpus_corneri,0,1,0,0,0,0,4,1
Artocarpeae,Artocarpus_dadah,0,1,0,0,0,0,4,1
Artocarpeae,Artocarpus_elasticus,0,1,0,0,0,0,4,1
Artocarpeae,Artocarpus_excelsus,0,1,0,0,0,0,4,1
Artocarpeae,Artocarpus_fretessii,0,1,0,0,0,0,4,1
Artocarpeae,Artocarpus_frutescens,0,1,0,0,0,0,4,0
Artocarpeae,Artocarpus_fulvicortex,0,1,0,0,0,0,4,1
Artocarpeae,Artocarpus_glaucus,0,1,0,0,0,0,4,1
Artocarpeae,Artocarpus_gomezianus,0,1,0,0,0,0,4,1
Artocarpeae,Artocarpus_gongshanensis,0,1,0,0,0,0,4,1
Artocarpeae,Artocarpus_griffithii,0,1,0,0,0,0,4,1
Artocarpeae,Artocarpus_heterophyllus,0,1,0,0,0,0,4,1
Artocarpeae,Artocarpus_hirsutus,0,1,0,0,0,0,4,1
Artocarpeae,Artocarpus_hispidus,0,1,0,0,0,0,4,1
Artocarpeae,Artocarpus_horridus,0,1,0,0,0,0,4,1
Artocarpeae,Artocarpus_humilis,0,1,0,0,0,0,4,1
Artocarpeae,Artocarpus_hypargyraeus,0,1,0,0,0,0,4,1
Artocarpeae,Artocarpus_integer,0,1,0,0,0,0,4,1
Artocarpeae,Artocarpus_jarrettiae,0,1,0,0,0,0,4,1
Artocarpeae,Artocarpus_kemando,0,1,0,0,0,0,4,1
Artocarpeae,Artocarpus_lacucha,0,1,0,0,0,0,4,1
Artocarpeae,Artocarpus_lamellosus,0,1,0,0,0,0,4,1
Artocarpeae,Artocarpus_limpato,0,1,0,0,0,0,4,0
Artocarpeae,Artocarpus_longifolius_subsp_adpressus,0,1,0,0,0,0,4,1
Artocarpeae,Artocarpus_lowii,0,1,0,0,0,0,4,1
Artocarpeae,Artocarpus_maingayi,0,1,0,0,0,0,4,1
Artocarpeae,Artocarpus_mariannensis,0,1,0,0,0,0,4,1
Artocarpeae,Artocarpus_melinoxylus,0,1,0,0,0,0,4,1
Artocarpeae,Artocarpus_montanus,0,1,0,0,0,0,4,1
Artocarpeae,Artocarpus_nigrescens,0,1,0,0,0,0,4,1
Artocarpeae,Artocarpus_nobilis,0,1,0,0,0,0,4,1
Artocarpeae,Artocarpus_obtusus,0,1,0,0,0,0,4,1
Artocarpeae,Artocarpus_odoratissimus,0,1,0,0,0,0,4,1
Artocarpeae,Artocarpus_ovatus,0,1,0,0,0,0,4,1
Artocarpeae,Artocarpus_papuanus,0,1,0,0,0,0,4,0
Artocarpeae,Artocarpus_parvus,0,1,0,0,0,0,4,1
Artocarpeae,Artocarpus_petelotii,0,1,0,0,0,0,4,1
Artocarpeae,Artocarpus_pinnatisectus,0,1,0,0,0,0,4,1
Artocarpeae,Artocarpus_pithecogallus,0,1,0,0,0,0,4,1
Artocarpeae,Artocarpus_primackii,0,1,0,0,0,0,4,1
Artocarpeae,Artocarpus_rigidus,0,1,0,0,0,0,4,1
Artocarpeae,Artocarpus_rubrosoccatus,0,1,0,0,0,0,4,1
Artocarpeae,Artocarpus_rubrovenius,0,1,0,0,0,0,4,1
Artocarpeae,Artocarpus_sarawakensis,0,1,0,0,0,0,4,1
Artocarpeae,Artocarpus_scortechinii,0,1,0,0,0,0,4,1
Artocarpeae,Artocarpus_sepicanus,0,1,0,0,0,0,4,1
Artocarpeae,Artocarpus_sericicarpus,0,1,0,0,0,0,4,1
Artocarpeae,Artocarpus_styracifolius,0,1,0,0,0,0,4,1
Artocarpeae,Artocarpus_subrotundifolius,0,1,0,0,0,0,4,1
Artocarpeae,Artocarpus_sumatranus,0,1,0,0,0,0,4,1
Artocarpeae,Artocarpus_tamaran,0,1,0,0,0,0,4,1
Artocarpeae,Artocarpus_teijsmannii,0,1,0,0,0,0,4,1
Artocarpeae,Artocarpus_thailandicus,0,1,0,0,0,0,4,1
Artocarpeae,Artocarpus_tomentosulus,0,1,0,0,0,0,4,1
Artocarpeae,Artocarpus_tonkinensis,0,1,0,0,0,0,4,1
Artocarpeae,Artocarpus_treculianus,0,1,0,0,0,0,4,1
Artocarpeae,Artocarpus_vrieseanus_var_vrieseanus,0,1,0,0,0,0,4,1
Artocarpeae,Artocarpus_xanthocarpus,0,1,0,0,0,0,4,1
Artocarpeae,Artocarpus_zeylanicus,0,1,0,0,0,0,4,1
Moreae,Bagassa_guianensis,1,1,0,0,0,1,4,1
Artocarpeae,Batocarpus_amazonicus,1,0,0,0,1,1,4,0
Artocarpeae,Batocarpus_costaricensis,1,0,0,0,1,1,4,0
Artocarpeae,Batocarpus_orinocensis,1,0,0,0,1,1,4,0
Dorstenieae,Bleekrodea_madagascariensis,0,0,1,0,0,0,3,1
Dorstenieae,Bosqueiopsis_gilletii,2,1,2,0,0,0,3,1
Dorstenieae,Brosimum_acutifolium,1,1,0,0,0,1,4,1
Dorstenieae,Brosimum_alicastrum,1,1,0,0,0,1,4,1
Dorstenieae,Brosimum_amazonicum,0,1,1,0,0,1,4,1
Dorstenieae,Brosimum_costaricanum,1,1,0,0,0,1,4,1
Dorstenieae,Brosimum_gauidichaudii,0,1,1,0,0,1,4,1
Dorstenieae,Brosimum_glaucum,0,1,1,0,0,1,4,1
Dorstenieae,Brosimum_guianense,0,1,1,0,0,1,4,1
Dorstenieae,Brosimum_lactescens,1,1,0,0,0,1,4,1
Dorstenieae,Brosimum_longifolium,0,1,1,0,0,1,4,1
Dorstenieae,Brosimum_multinervium,0,1,0,0,0,1,4,1
Dorstenieae,Brosimum_oligandrum,0,1,1,0,0,1,4,1
Dorstenieae,Brosimum_parinarioides,0,1,2,0,0,1,4,1
Dorstenieae,Brosimum_potabile,0,1,1,0,0,1,4,1
Dorstenieae,Brosimum_rubescens,0,1,1,0,0,1,4,1
Dorstenieae,Brosimum_sprucei,3,1,2,0,0,1,4,1
Dorstenieae,Brosimum_utile,0,1,1,0,0,1,4,1
Dorstenieae,Broussonetia_greveana,1,0,0,0,0,0,4,1
Dorstenieae,Broussonetia_kazinoki,2,0,0,0,0,0,4,1
Dorstenieae,Broussonetia_kurzii,1,0,0,0,0,0,2,1
Dorstenieae,Broussonetia_papyrifera,1,0,0,0,0,0,4,1
Antiarideae,Castilla_elastica_Chase19850,3,1,0,1,0,1,4,1
Antiarideae,Castilla_tunu_Rodriguez_13002,1,1,0,1,0,1,4,1
Antiarideae,Castilla_ulei_F_2312790,3,1,0,1,0,1,4,1
Artocarpeae,Clarisia_biflora,1,0,0,0,1,1,4,1
Artocarpeae,Clarisia_ilicifolia,1,1,0,0,0,1,4,1
Artocarpeae,Clarisia_racemosa,1,0,0,0,1,1,4,1
Dorstenieae,Dorstenia_africana,0,0,1,0,0,0,1,1
Dorstenieae,Dorstenia_alta,0,0,1,0,0,0,1,1
Dorstenieae,Dorstenia_angusticornis,0,0,1,0,0,0,1,1
Dorstenieae,Dorstenia_appendiculata,0,0,1,0,0,1,1,1
Dorstenieae,Dorstenia_astyanactis,0,0,1,0,0,0,1,1
Dorstenieae,Dorstenia_bahiensis,0,0,1,0,0,1,1,1
Dorstenieae,Dorstenia_barnimiana,0,0,1,0,0,0,1,1
Dorstenieae,Dorstenia_benguellensis,0,0,1,0,0,0,1,1
Dorstenieae,Dorstenia_bonijesu,0,0,1,0,0,1,1,1
Dorstenieae,Dorstenia_brasiliensis,0,0,1,0,0,1,1,1
Dorstenieae,Dorstenia_brownii,0,0,1,0,0,0,1,1
Dorstenieae,Dorstenia_buchananii,0,0,1,0,0,0,1,1
Dorstenieae,Dorstenia_caimitensis,0,0,1,0,0,1,1,1
Dorstenieae,Dorstenia_carautae,0,0,1,0,0,1,1,1
Dorstenieae,Dorstenia_cayapia_ssp__Cayapia,0,0,0,0,0,1,1,1
Dorstenieae,Dorstenia_ciliata,0,0,1,0,0,0,1,1
Dorstenieae,Dorstenia_contrajerva,0,0,1,0,0,1,1,1
Dorstenieae,Dorstenia_djettii,0,0,1,0,0,0,1,1
Dorstenieae,Dorstenia_drakeana,0,0,1,0,0,1,1,1
Dorstenieae,Dorstenia_elliptica,0,0,1,0,0,0,1,1
Dorstenieae,Dorstenia_erythrandra,0,0,1,0,0,1,1,1
Dorstenieae,Dorstenia_excentrica,0,0,1,0,0,1,1,1
Dorstenieae,Dorstenia_fawcetti,0,0,1,0,0,1,1,1
Dorstenieae,Dorstenia_flagellifera,0,0,1,0,0,1,1,1
Dorstenieae,Dorstenia_foetida,0,0,1,0,0,0,1,1
Dorstenieae,Dorstenia_goetzei,0,0,1,0,0,0,1,1
Dorstenieae,Dorstenia_hildebrandtii_var__schlechcteri,0,0,1,0,0,0,1,1
Dorstenieae,Dorstenia_hirta,0,0,1,0,0,1,1,1
Dorstenieae,Dorstenia_holstii,0,0,1,0,0,0,1,1
Dorstenieae,Dorstenia_indica,0,0,1,0,0,0,1,1
Dorstenieae,Dorstenia_kameruniana,0,0,1,0,0,0,1,1
Dorstenieae,Dorstenia_lagoensis,0,0,1,0,0,1,1,1
Dorstenieae,Dorstenia_lindeniana,0,0,1,0,0,1,1,1
Dorstenieae,Dorstenia_mannii,0,0,1,0,0,0,1,1
Dorstenieae,Dorstenia_milaneziana,0,0,1,0,0,1,1,1
Dorstenieae,Dorstenia_morifolia,0,0,1,0,0,1,1,1
Dorstenieae,Dorstenia_oligogyna,0,0,1,0,0,0,1,1
Dorstenieae,Dorstenia_peruviana,0,0,1,0,0,1,1,1
Dorstenieae,Dorstenia_petraea,0,0,1,0,0,1,1,1
Dorstenieae,Dorstenia_picta,0,0,1,0,0,0,1,1
Dorstenieae,Dorstenia_poinsettiifolia,0,0,1,0,0,0,1,1
Dorstenieae,Dorstenia_psilurus,0,0,1,0,0,0,1,1
Dorstenieae,Dorstenia_ramosa_subsp__Dolichocaula,0,0,1,0,0,1,1,1
Dorstenieae,Dorstenia_roigii,0,0,1,0,0,1,1,1
Dorstenieae,Dorstenia_soerensenii,0,0,1,0,0,0,1,1
Dorstenieae,Dorstenia_strangii,0,0,1,0,0,1,1,1
Dorstenieae,Dorstenia_tayloriana_var__tayloriana,0,0,1,0,0,0,1,1
Dorstenieae,Dorstenia_tenera,0,0,1,0,0,0,1,1
Dorstenieae,Dorstenia_tentaculata,0,0,1,0,0,1,1,1
Dorstenieae,Dorstenia_tenuis,0,0,1,0,0,1,1,1
Dorstenieae,Dorstenia_tubicina,0,0,1,0,0,1,1,1
Dorstenieae,Dorstenia_turbinata,0,0,1,0,0,0,1,1
Dorstenieae,Dorstenia_turnerifolia,0,0,1,0,0,1,1,1
Dorstenieae,Dorstenia_umbricola,0,0,1,0,0,1,1,1
Dorstenieae,Dorstenia_urceolata,0,0,1,0,0,1,1,1
Dorstenieae,Dorstenia_variifolia,0,0,1,0,0,0,1,1
Dorstenieae,Dorstenia_warneckei,0,0,1,0,0,0,1,1
Dorstenieae,Dorstenia_yambuyaensis,0,0,1,0,0,0,1,1
Dorstenieae,Dorstenia_zanzibarica,0,0,1,0,0,0,1,1
Dorstenieae,Fatoua_pilosa,0,0,1,0,0,0,1,0
Dorstenieae,Fatoua_villosa,0,0,1,0,0,0,1,0
Ficeae,Ficus_abutilifolia_CB8050_CTCAGAAG_2,0,1,1,1,0,0,0,1
Ficeae,Ficus_adhatodifolia_S29,0,1,1,1,0,1,4,1
Ficeae,Ficus_albert-smithii_N_Ronsted_105_K_SamS014,0,1,1,1,0,1,0,1
Ficeae,Ficus_albomaculata_L1592179,4,1,2,1,0,0,4,1
Ficeae,Ficus_altissima_SRR13576172,0,1,1,1,0,0,0,1
Ficeae,Ficus_amadiensis_C_SamS140,0,1,1,1,0,0,0,1
Ficeae,Ficus_americana_Ronsted_154,0,1,1,1,0,1,0,1
Ficeae,Ficus_ampana_Razafimandimbison_1309,0,1,1,1,0,0,3,1
Ficeae,Ficus_ampelas_R_Harrison_615_PUH_SamS133,4,1,2,1,0,0,3,1
Ficeae,Ficus_androchaete_L1593813_comb,4,1,2,1,0,0,4,1
Ficeae,Ficus_anserina_JHH2,4,1,2,1,0,0,2,1
Ficeae,Ficus_antandronarum_Antilahimena_8099,0,1,1,1,0,0,4,1
Ficeae,Ficus_apiocarpa_Chanterasuwan_sn,4,1,2,1,0,0,2,1
Ficeae,Ficus_apollinaris_Espinosa_725,0,1,1,1,0,1,4,1
Ficeae,Ficus_archboldiana_GD_Weiblen_1695_MIN_SamS109,0,1,1,1,0,0,4,1
Ficeae,Ficus_asperifolia_N_Ronsted_217_K_SamS050,4,1,2,1,0,0,0,1
Ficeae,Ficus_asperula_McPherson_19193,0,1,1,1,0,0,4,1
Ficeae,Ficus_assimilis_Onjalalaina_25,0,1,1,1,0,0,4,1
Ficeae,Ficus_aurata_Liao_20190347_SAN160619,4,1,2,1,0,0,3,1
Ficeae,Ficus_aurea_N_Ronsted_130_K_SamS085,0,1,1,1,0,1,0,1
Ficeae,Ficus_auriculata_SRR13570498,4,1,2,1,0,0,3,1
Ficeae,Ficus_aurita_L1605165,4,1,2,1,0,0,3,1
Ficeae,Ficus_austrina_C_SamS142,4,1,2,1,0,0,4,1
Ficeae,Ficus_austrocaledonica_CB8080_GAATCCGT_1,0,1,1,1,0,0,4,1
Ficeae,Ficus_balete_F735639,0,1,1,1,0,0,0,1
Ficeae,Ficus_barba-jovis_Liao_20190451,4,1,2,1,0,0,2,1
Ficeae,Ficus_barteri_Walters_668,0,1,1,1,0,0,0,1
Ficeae,Ficus_beccarii_Liao_20190385_SAN160554,4,1,2,1,0,0,3,1
Ficeae,Ficus_benjamina_L_L1594269,0,1,1,1,0,0,0,1
Ficeae,Ficus_boliviana_Fuentes_4335,0,1,1,1,0,1,0,1
Ficeae,Ficus_botryocarpa_Harrison_616,4,1,2,1,0,0,3,1
Ficeae,Ficus_brachyclada_Rakotovao_3796,0,1,1,1,0,0,3,1
Ficeae,Ficus_brachypoda_Dixon_1101_DNA_SamS110,0,1,1,1,0,0,3,1
Ficeae,Ficus_bracteata_L1596389,0,1,1,1,0,0,0,1
Ficeae,Ficus_broadwayi_N_Ronsted_121_K_SamS086,0,1,1,1,0,1,0,1
Ficeae,Ficus_bruneiensis_EG_879,4,1,2,1,0,0,4,1
Ficeae,Ficus_brunneoaurata_Liao_20190373_SAN160643,4,1,2,1,0,0,4,1
Ficeae,Ficus_caballina_N_Ronsted_101_K_SamS087,0,1,1,1,0,1,0,1
Ficeae,Ficus_calimana_N_Ronsted_108_K_SamS088,0,1,1,1,0,1,0,1
Ficeae,Ficus_callophylla_RD_Harrison_601_PUH_SamS135,0,1,1,1,0,0,0,1
Ficeae,Ficus_callosa_N_Ronsted_109_K_SamS051,0,1,1,1,0,0,4,1
Ficeae,Ficus_carica_SRR5678803,4,1,2,1,0,0,3,1
Ficeae,Ficus_carrii_Liao_20190370_SAN160640,4,1,2,1,0,0,2,1
Ficeae,Ficus_casapiensis_N_Ronsted_149_K_SamS097,0,1,1,1,0,1,0,1
Ficeae,Ficus_caulocarpa_R_Harrison_596_PUH_SamS112,0,1,1,1,0,0,0,1
Ficeae,Ficus_cereicarpa_L1600154,4,1,2,1,0,0,4,1
Ficeae,Ficus_chapaensis_N_Ronsted_301_HITBC_SamS146,4,1,2,1,0,0,3,1
Ficeae,Ficus_chartacea_Chanterasuwan,4,1,2,1,0,0,4,1
Ficeae,Ficus_coerulescens_CB8043_TCTACGCA_2,0,1,1,1,0,0,0,1
Ficeae,Ficus_colubrinae_Stevens_31913,0,1,1,1,0,1,0,1
Ficeae,Ficus_consociata_SING2019_1180,0,1,1,1,0,1,0,1
Ficeae,Ficus_copiosa_Weiblen_D8,4,1,2,1,0,0,4,1
Ficeae,Ficus_cordatula_RD_Harrison_606_PUH_SamS124,0,1,1,1,0,0,4,1
Ficeae,Ficus_costaricana_CB8046_GCAATTCC_2,0,1,1,1,0,0,0,1
Ficeae,Ficus_crassiramea_L1596056,0,1,1,1,0,1,0,1
Ficeae,Ficus_crassiuscula_Grayum_9097,0,1,1,1,0,0,4,1
Ficeae,Ficus_crocata_Stevens_35898,0,1,1,1,0,1,0,1
Ficeae,Ficus_cucurbitina_L1596709,0,1,1,1,0,1,0,1
Ficeae,Ficus_curtipes_SRR13570496,0,1,1,1,0,0,0,1
Ficeae,Ficus_cyathistipula_Ronsted_80,0,1,1,1,0,0,4,1
Ficeae,Ficus_cyathistipuloides_N_Ronsted_136_K_SamS073,0,1,1,1,0,0,0,1
Ficeae,Ficus_cyrtophylla_SRR13279557,4,1,2,1,0,0,3,1
Ficeae,Ficus_dammaropsis_Regalado_1012,4,1,2,1,0,0,3,1
Ficeae,Ficus_deltoidea_EG_833_Mora023_redo,4,1,2,1,0,0,3,1
Ficeae,Ficus_densifolia_Fournel_117,0,1,1,1,0,0,3,1
Ficeae,Ficus_densistipulata_N_Ronsted_233_SamS098,0,1,1,1,0,0,0,1
Ficeae,Ficus_depressa_L1606755,0,1,1,1,0,0,0,1
Ficeae,Ficus_destruens_CB8089_ATCTGACC_2,0,1,1,1,0,0,2,1
Ficeae,Ficus_dicranostyla_C_SamS054,0,1,1,1,0,0,4,1
Ficeae,Ficus_dinganensis_DLP28,4,1,2,1,0,0,4,1
Ficeae,Ficus_drupacea_N_Ronsted_114_K_SamS090,0,1,1,1,0,0,3,1
Ficeae,Ficus_erecta_var_beecheyana_CB8087_CTTAGGAC_2,4,1,2,1,0,0,3,1
Ficeae,Ficus_exasperata_Randrianaivo_1656,4,1,2,1,0,0,3,1
Ficeae,Ficus_excavata_Liao_20190333_SAN160605,4,1,2,1,0,0,4,1
Ficeae,Ficus_eximia_N_Ronsted_146_K_SamS091,0,1,1,1,0,0,0,1
Ficeae,Ficus_fiskei_RD_Harrison_613_PUH_SamS113,4,1,2,1,0,1,3,1
Ficeae,Ficus_fistulosa_Harrison_598,4,1,2,1,0,0,3,1
Ficeae,Ficus_formosana_SRR13972883,4,1,2,1,0,0,3,1
Ficeae,Ficus_forstenii_RD_Harrison_632_PUH_SamS166,0,1,1,1,0,0,4,1
Ficeae,Ficus_francisi_EG_874,4,1,2,1,0,0,4,1
Ficeae,Ficus_fulva_C10011625_SamS066,4,1,2,1,0,0,4,1
Ficeae,Ficus_glaberrima_N_Ronsted_295_HITBC_SamS149,0,1,1,1,0,0,3,1
Ficeae,Ficus_glandifera_S82,0,1,1,1,0,0,0,1
Ficeae,Ficus_glandulifera_SING2010_054,4,1,2,1,0,0,4,1
Ficeae,Ficus_globosa_EG_834_Mora024_redo,0,1,1,1,0,0,4,1
Ficeae,Ficus_gommelleira_N_Ronsted_153_K_SamS092,0,1,1,1,0,0,0,1
Ficeae,Ficus_grossularioides_EG_812_Mora004_redo,4,1,2,1,0,1,3,1
Ficeae,Ficus_guianensis_S80,0,1,1,1,0,0,0,1
Ficeae,Ficus_guizhouensis_RJP19,4,1,2,1,0,1,2,1
Ficeae,Ficus_hemsleyana_L1602112,4,1,2,1,0,0,2,1
Ficeae,Ficus_henryi_N_Ronsted_289_HITBC_SamS153,4,1,2,1,0,0,3,1
Ficeae,Ficus_hesperidiiformis_G_Weiblen_2332_SamS114,0,1,1,1,0,0,0,1
Ficeae,Ficus_heteromorpha_SRR13570495,4,1,2,1,0,0,4,1
Ficeae,Ficus_heterophylla_NRonsted_302_SamS154,4,1,2,1,0,0,4,1
Ficeae,Ficus_heteropleura_L1602487,4,1,2,1,0,0,3,1
Ficeae,Ficus_hirta_SRR1909654,4,1,2,1,0,0,3,1
Ficeae,Ficus_hispida_SRR13279575,4,1,2,1,0,0,3,1
Ficeae,Ficus_humbertii_Phillipson_3726,0,1,1,1,0,0,4,1
Ficeae,Ficus_inaequipetiolata_Liao_20190413_SAN160583,4,1,2,1,0,0,4,1
Ficeae,Ficus_ingens_N_Ronsted_106_K_SamS056,0,1,1,1,0,0,0,1
Ficeae,Ficus_insipida_SantamariaAguilar_2914,0,1,1,1,0,1,4,1
Ficeae,Ficus_ischnopoda_C10011626,4,1,2,1,0,0,3,1
Ficeae,Ficus_kerkhovenii_SING2019_1357,0,1,1,1,0,0,0,1
Ficeae,Ficus_laevis_SING2019_489,4,1,2,1,0,0,2,1
Ficeae,Ficus_lamponga_CTFS_I5_28831,4,1,2,1,0,0,4,1
Ficeae,Ficus_lapathifolia_Gomez_Chagala_683,0,1,1,1,0,1,4,1
Ficeae,Ficus_lateriflora_Fournel_Michenaud_JF130_REU_SamS027,0,1,1,1,0,0,3,1
Ficeae,Ficus_lawesii_Harrison_628,0,1,1,1,0,0,4,1
Ficeae,Ficus_lepicarpa_EG_919,4,1,2,1,0,0,3,1
Ficeae,Ficus_lingua_N_Ronsted_208_K_SamS099,0,1,1,1,0,0,0,1
Ficeae,Ficus_lowii_L3927087,0,1,1,1,0,0,0,1
Ficeae,Ficus_luschnatiana_N_Ronsted_78_C_SamS003,0,1,1,1,0,1,0,1
Ficeae,Ficus_lutea_CB8008_CTGTACCA_2,0,1,1,1,0,0,0,1
Ficeae,Ficus_lyrata_CB8091_TCCTCATG_2,0,1,1,1,0,0,0,1
Ficeae,Ficus_macbridei_Quisbert_1244,0,1,1,1,0,1,4,1
Ficeae,Ficus_macilenta_L1608816,4,1,2,1,0,0,4,1
Ficeae,Ficus_maclellandii_N_Ronsted_281HITBC_SamS155,0,1,1,1,0,0,0,1
Ficeae,Ficus_macrophylla_CB8092_AGGATAGC_2,0,1,1,1,0,0,0,1
Ficeae,Ficus_macrostyla_Liao20190392_SAN160562,4,1,2,1,0,0,3,1
Ficeae,Ficus_magnoliifolia_Harrison_619,0,1,1,1,0,0,4,1
Ficeae,Ficus_malayana_Liao_20190340_SAN160612,4,1,2,1,0,0,3,1
Ficeae,Ficus_marmorata_Manjakahery_406,0,1,1,1,0,0,4,1
Ficeae,Ficus_mauritiana_FournelMichenaud_JF89,0,1,1,1,0,0,3,1
Ficeae,Ficus_maxima_C,0,1,1,1,0,1,4,1
Ficeae,Ficus_megaleia_Liao_20190379_SAN160648,4,1,2,1,0,0,3,1
Ficeae,Ficus_melinocarpa_R_Harrison_625_PUH_SamS127,4,1,2,1,0,0,4,1
Ficeae,Ficus_menabeensis_Manjakahery_405,0,1,1,1,0,0,0,1
Ficeae,Ficus_microcarpa_Ronsted_77,0,1,1,1,0,0,0,1
Ficeae,Ficus_microdictya_SRR13279564,0,1,1,1,0,0,4,1
Ficeae,Ficus_midotis_L1609660,4,1,2,1,0,0,3,1
Ficeae,Ficus_minahassae_Sam041,4,1,2,1,0,0,4,1
Ficeae,Ficus_mollis_L1598511,0,1,1,1,0,0,0,1
Ficeae,Ficus_montana_Liao_20190407_SAN160577,4,1,2,1,0,0,3,1
Ficeae,Ficus_mucuso_N_Ronsted_207_K_SamS100,0,1,1,1,0,0,4,1
Ficeae,Ficus_mutisii_HoyosGomez_2396,0,1,1,1,0,1,4,1
Ficeae,Ficus_natalensis_CB8095_GGAGGAAT_1,0,1,1,1,0,0,0,1
Ficeae,Ficus_neriifolia_SRR13279556,4,1,2,1,0,0,4,1
Ficeae,Ficus_nervosa_subsp_pubinervis_Liao_20190344_SAN160616,0,1,1,1,0,0,4,1
Ficeae,Ficus_nitidifolia_McPherson_19246,0,1,1,1,0,0,4,1
Ficeae,Ficus_nota_Liao_20190423_SAN160593,4,1,2,1,0,0,3,1
Ficeae,Ficus_nymphaeifolia_Stevens_36194,0,1,1,1,0,1,0,1
Ficeae,Ficus_obliqua_C_SamS156,0,1,1,1,0,0,0,1
Ficeae,Ficus_obscura_RD_Harrison_602_PUH_SamS042,4,1,2,1,0,0,2,1
Ficeae,Ficus_obtusifolia_Stevens_33323,0,1,1,1,0,1,0,1
Ficeae,Ficus_oligodon_SRR13279562,4,1,2,1,0,0,3,1
Ficeae,Ficus_orthoneura_S96,0,1,1,1,0,0,3,1
Ficeae,Ficus_otophora_McPherson_18581A,0,1,1,1,0,0,4,1
Ficeae,Ficus_pachyclada_Antilahimena_6031,0,1,1,1,0,0,4,1
Ficeae,Ficus_palmata_Friis,0,1,1,1,0,0,4,1
Ficeae,Ficus_paraensis_N_Ronsted_107_K_SamS093,0,1,1,1,0,1,0,1
Ficeae,Ficus_parietalis_Liao_20190441_SAN160211,4,1,2,1,0,0,4,1
Ficeae,Ficus_pertusa_N_Ronsted_135_K_SamS094,0,1,1,1,0,1,0,1
Ficeae,Ficus_petiolaris_CB8071_GTCGTTAC_2,0,1,1,1,0,1,0,1
Ficeae,Ficus_platypoda_N_Ronsted_142_K_SamS059,0,1,1,1,0,0,0,1
Ficeae,Ficus_politoria_O_Maurin_74_K_SamS102,4,1,2,1,0,0,0,1
Ficeae,Ficus_popenoei_Stevens_28999,0,1,1,1,0,1,0,1
Ficeae,Ficus_preussii_N_Ronsted_138_K_SamS079,0,1,1,1,0,0,0,1
Ficeae,Ficus_pseudopalma_Harrison_610,4,1,2,1,0,0,4,1
Ficeae,Ficus_pubigera_ZZ973,4,1,2,1,0,0,2,1
Ficeae,Ficus_pumila_Ronsted_91,4,1,2,1,0,0,2,1
Ficeae,Ficus_punctata_Kjellberg_199723,4,1,2,1,0,0,2,1
Ficeae,Ficus_pungens_Takeuchi_8767,4,1,2,1,0,0,4,1
Ficeae,Ficus_racemigera_McPherson_18187,0,1,1,1,0,0,4,1
Ficeae,Ficus_racemosa_SRR1405700,0,1,1,1,0,0,4,1
Ficeae,Ficus_recurva_EG_839_Mora029_redo,4,1,2,1,0,0,2,1
Ficeae,Ficus_reflexa_O_Maurin_76_K_SamS103,0,1,1,1,0,0,0,1
Ficeae,Ficus_religiosa_SRR13279560,0,1,1,1,0,0,0,1
Ficeae,Ficus_retusa_L1620294,0,1,1,1,0,0,0,1
Ficeae,Ficus_rosulata_SING2019_300,4,1,2,1,0,0,4,1
Ficeae,Ficus_rubiginosa_Ronsted_89,0,1,1,1,0,0,0,1
Ficeae,Ficus_rubrocuspidata_EG530,4,1,2,1,0,0,3,1
Ficeae,Ficus_ruficaulis_RD_Harrison_626_PUH_SamS129,4,1,2,1,0,0,3,1
Ficeae,Ficus_ruginervia_EG_846_Mora036_redo,4,1,2,1,0,0,2,1
Ficeae,Ficus_rumphii_N_Ronsted_74_C_SamS032,0,1,1,1,0,0,4,1
Ficeae,Ficus_sagittata_Ronsted_266,4,1,2,1,0,0,2,1
Ficeae,Ficus_sagittifolia_ERR4009362,0,1,1,1,0,0,0,1
Ficeae,Ficus_salicifolia_CB8053_GCGTTAGA_2,0,1,1,1,0,0,3,1
Ficeae,Ficus_sansibarica_N_Ronsted_127_K_SamS080,0,1,1,1,0,0,0,1
Ficeae,Ficus_sarawakensis_L0040286,4,1,2,1,0,0,2,1
Ficeae,Ficus_sarmentosa_var_sarmentosa_JLP5,4,1,2,1,0,0,2,1
Ficeae,Ficus_satterthwaitei_Harrison_617,4,1,2,1,0,0,4,1
Ficeae,Ficus_scaberrima_Liao_20190457_SAN160227,0,1,1,1,0,0,3,1
Ficeae,Ficus_scassellatii_N_Ronsted_110_K_SamS081,0,1,1,1,0,0,0,1
Ficeae,Ficus_schumacheri_CB8100_CCGCTTAA_2,0,1,1,1,0,1,0,1
Ficeae,Ficus_scortechinii_SING2019_807,4,1,2,1,0,0,4,1
Ficeae,Ficus_scratchleyana_Johns_PP10456,4,1,2,1,0,0,2,1
Ficeae,Ficus_segoviae_Morales_2472,0,1,1,1,0,1,4,1
Ficeae,Ficus_semicordata_Chanterasuwan_sn_SamS034,4,1,2,1,0,0,3,1
Ficeae,Ficus_septica_C,4,1,2,1,0,0,4,1
Ficeae,Ficus_sinuata_Liao_20190332_SAN160604,4,1,2,1,0,0,4,1
Ficeae,Ficus_spiralis_L1616561,4,1,2,1,0,0,2,1
Ficeae,Ficus_squamosa_SRR15882953,4,1,2,1,0,0,3,1
Ficeae,Ficus_sterrocarpa_G_Weiblen_1126_SamS116,0,1,1,1,0,0,4,1
Ficeae,Ficus_stolonifera_Liao_20190384_SAN160553,4,1,2,1,0,0,4,1
Ficeae,Ficus_stuhlmanii_CB8057_CAAGGTAC_2,0,1,1,1,0,0,0,1
Ficeae,Ficus_subandina_N_Ronsted_104_K_SamS095,0,1,1,1,0,1,0,1
Ficeae,Ficus_subcordata_CB8098_GACGTCAT_2,0,1,1,1,0,0,0,1
Ficeae,Ficus_subulata_N_Ronsted_299_HITBC_SamS161,4,1,2,1,0,0,2,1
Ficeae,Ficus_sundaica_L1612213,0,1,1,1,0,0,0,1
Ficeae,Ficus_sur_Ronsted_76,0,1,1,1,0,0,4,1
Ficeae,Ficus_tarennifolia_Liao_20190342_SAN160614,4,1,2,1,0,0,4,1
Ficeae,Ficus_tesselata_N_Ronsted_143_K_SamS082,0,1,1,1,0,0,0,1
Ficeae,Ficus_thonningii_N_Ronsted_231_K_SamS104,0,1,1,1,0,0,0,1
Ficeae,Ficus_tikoua_SRR6663248,4,1,2,1,0,0,2,1
Ficeae,Ficus_tiliifolia_Maurin_87,0,1,1,1,0,0,4,1
Ficeae,Ficus_tinctoria_Ronsted_99,4,1,2,1,0,0,0,1
Ficeae,Ficus_tonduzii_Monteagudo_14187,0,1,1,1,0,1,4,1
Ficeae,Ficus_torrentium_Rakotonirina_97,0,1,2,1,0,0,4,1
Ficeae,Ficus_torresiana_Estonda_2258,0,1,1,1,0,1,4,1
Ficeae,Ficus_treubii_L1613164,4,1,2,1,0,0,3,1
Ficeae,Ficus_trichocarpa_Harrison_624,4,1,2,1,0,0,2,1
Ficeae,Ficus_trichopoda_N_Ronsted_118_K_SamS083,0,1,1,1,0,0,0,1
Ficeae,Ficus_triloba_SRR13279555,4,1,2,1,0,0,4,1
Ficeae,Ficus_tsiangii_Ronsted_298,0,1,1,1,0,0,3,1
Ficeae,Ficus_uncinata_EG_880,4,1,2,1,0,0,3,1
Ficeae,Ficus_uniglandulosa_Liao_20190356_SAN160628,4,1,2,1,0,0,3,1
Ficeae,Ficus_urnigera_L1617759_comb,4,1,2,1,0,0,2,1
Ficeae,Ficus_vaccinioides_CB8068_AGACCTTG_2,4,1,2,1,0,0,2,1
Ficeae,Ficus_variegata_EG_901,4,1,2,1,0,0,4,1
Ficeae,Ficus_variifolia_Jongkind_11646,0,1,1,1,0,0,4,1
Ficeae,Ficus_vasculosa_CTFS_L5_04509,0,1,1,1,0,0,4,1
Ficeae,Ficus_velutina_Stevens_36499,0,1,1,1,0,1,0,1
Ficeae,Ficus_verruculosa_NRonsted_115_K_SamS070,0,1,1,1,0,0,3,1
Ficeae,Ficus_villosa_EG_832_832_Mora022_redo,4,1,2,1,0,0,2,1
Ficeae,Ficus_virens_G_Weiblen_555_SamS035,0,1,1,1,0,0,0,1
Ficeae,Ficus_virgata_C_SamS164,4,1,2,1,0,0,0,1
Ficeae,Ficus_vogeliana_N_Ronsted_214_K_SamS107,0,1,1,1,0,0,4,1
Ficeae,Ficus_wassa_T_Utteridge_K_SamS071,4,1,2,1,0,0,3,1
Ficeae,Ficus_watkinsiana_CB8012_GAGAGTAC_2,0,1,1,1,0,0,0,1
Ficeae,Ficus_webbiana_McPherson_18179,0,1,1,1,0,0,4,1
Ficeae,Ficus_xylophylla_SING2019_828,0,1,1,1,0,0,0,1
Ficeae,Ficus_xylosycia_Weiblen_2047,0,1,1,1,0,0,0,1
Ficeae,Ficus_yoponensis_Stevens_37406,0,1,1,1,0,1,4,1
Antiarideae,Helicostylis_tomentosa_C,2,1,2,1,0,1,4,1
Antiarideae,Helicostylis_tovarensis_Chapi_63,1,0,0,1,0,1,4,1
Antiarideae,Helicostylis_turbinata_F_1247063,2,1,2,1,0,1,4,1
Parartocarpeae,Hullettia_dumosa,0,1,0,1,0,0,3,1
Parartocarpeae,Hullettia_griffithiana,0,1,0,1,0,0,3,1
Chlorophoreae,Maclura_africana,1,0,0,0,1,0,2,1
Chlorophoreae,Maclura_amboinensis,1,1,0,0,1,0,2,1
Chlorophoreae,Maclura_andamanica,1,0,0,0,0,0,2,1
Chlorophoreae,Maclura_brasiliensis,1,0,0,0,1,0,2,1
Chlorophoreae,Maclura_cochinchinensis,1,1,0,0,1,0,2,1
Chlorophoreae,Maclura_fruticosa,1,1,0,0,1,0,2,1
Chlorophoreae,Maclura_pomifera,1,0,0,0,1,1,4,1
Chlorophoreae,Maclura_pubescens,1,1,0,0,1,0,2,1
Chlorophoreae,Maclura_spinosa,1,0,0,0,0,0,2,1
Chlorophoreae,Maclura_thorellii,1,1,0,0,1,0,2,1
Chlorophoreae,Maclura_tinctoria_subsp_tinctoria,1,0,0,0,1,1,4,1
Chlorophoreae,Maclura_tricuspidata,1,1,0,0,1,0,4,1
Moreae,Maillardia_borbonica,1,0,0,0,0,0,4,1
Moreae,Maillardia_montana,1,0,0,0,0,0,4,1
Dorstenieae,Malaisia_scandens,1,0,0,0,0,0,2,1
Antiarideae,Maquira_coriacea_Altamirano_3387,1,0,0,1,0,1,4,1
Antiarideae,Maquira_guianensis_F_2302650,2,0,2,1,0,1,4,1
Antiarideae,Maquira_sclerophylla_Sabatier_5326,2,0,2,1,0,1,4,1
Antiarideae,Mesogyne_insignis,0,1,0,1,0,0,3,1
Moreae,Milicia_excelsa,1,0,0,0,0,0,4,1
Moreae,Milicia_regia,1,0,0,0,0,0,4,1
Moreae,Morus_alba,2,0,0,0,0,0,3,1
Moreae,Morus_australis,1,0,0,0,0,0,3,1
Moreae,Morus_cathayana,2,0,0,0,0,0,3,1
Moreae,Morus_celtidifolia,2,0,0,0,0,1,3,1
Moreae,Morus_kagayamai,1,0,0,0,0,0,3,1
Moreae,Morus_macroura,1,0,0,0,0,0,3,1
Moreae,Morus_microphylla,2,0,0,0,0,1,3,1
Moreae,Morus_mongolica,1,0,0,0,0,0,3,1
Moreae,Morus_nigra,2,0,0,0,0,0,3,1
Moreae,Morus_notabilis,1,0,0,0,0,0,3,1
Moreae,Morus_rubra,2,0,0,0,0,1,3,1
Moreae,Morus_serrata,1,0,0,0,0,0,3,1
Antiarideae,Naucleopsis_caloneura_F_2143090,1,1,0,1,0,1,4,1
Antiarideae,Naucleopsis_capirensis_F_2312425,1,1,0,1,0,1,4,1
Antiarideae,Naucleopsis_francisci_F_2311189,1,1,0,1,0,1,4,1
Antiarideae,Naucleopsis_glabra_F_2312782,1,1,0,1,0,1,4,1
Antiarideae,Naucleopsis_krukovii_F_2285867,1,1,0,1,0,1,4,1
Antiarideae,Naucleopsis_macrophylla_Berg18534,1,1,0,1,0,1,4,1
Antiarideae,Naucleopsis_naga_F_2047822,1,1,0,1,0,1,4,1
Antiarideae,Naucleopsis_pseudonaga_F_2312795,1,1,0,1,0,1,4,1
Antiarideae,Naucleopsis_ternstroemiiflora_F_1826476,1,1,0,1,0,1,4,1
Antiarideae,Naucleopsis_ulei_subsp_amara_F_2312797,1,1,0,1,0,1,4,1
Antiarideae,Olmedia_aspera,1,0,0,1,0,1,4,1
Parartocarpeae,Parartocarpus_bracteatus,0,1,0,1,0,0,4,1
Parartocarpeae,Parartocarpus_venenosus,0,1,0,1,0,0,4,1
Moreae,Paratrophis_anthropophagorum,1,0,0,0,0,0,3,1
Moreae,Paratrophis_australiana,1,0,0,0,0,0,3,1
Moreae,Paratrophis_glabra,1,0,0,0,0,0,3,1
Moreae,Paratrophis_insignis,1,0,0,0,0,1,3,1
Moreae,Paratrophis_microphylla,1,0,0,0,0,0,3,1
Moreae,Paratrophis_pendulina,1,0,0,0,0,0,3,1
Moreae,Paratrophis_philippinensis,1,0,0,0,0,0,3,1
Antiarideae,Perebea_angustifolia_Araya_479_F,1,1,0,1,0,1,4,1
Antiarideae,Perebea_guianensis_subsp_guianensis__Moya_142,1,1,0,1,0,1,4,1
Antiarideae,Perebea_humilis_R_Foster_11037_F,0,1,0,1,0,1,3,1
Antiarideae,Perebea_mollis_Ledezma_963_F,2,0,2,1,0,1,4,1
Antiarideae,Perebea_rubra_Silva_2935_F,1,0,0,1,0,1,4,1
Antiarideae,Perebea_xanthochyma_Aguilar_10866_F,2,1,2,1,0,1,4,1
Antiarideae,Poulsenia_armata_C,0,1,0,1,0,1,4,1
Antiarideae,Pseudolmedia_laevigata_Neill_15741,1,1,0,1,0,1,4,1
Antiarideae,Pseudolmedia_laevis_Moya_144,1,1,0,1,0,1,4,1
Antiarideae,Pseudolmedia_rigida_Moya_207,1,1,0,1,0,1,4,1
Antiarideae,Pseudolmedia_spuria_Lobo263,1,1,0,1,0,1,4,1
Parartocarpeae,Pseudostreblus_indicus,0,0,0,1,0,0,4,1
Dorstenieae,Scyphosyce_manniana,0,1,1,0,0,0,3,1
Dorstenieae,Scyphosyce_pandurata,0,1,1,0,0,0,3,1
Dorstenieae,Sloetia_elongata,0,0,1,0,0,0,4,1
Dorstenieae,Sloetiopsis_usambarensis,2,0,0,0,0,0,4,1
Moreae,Sorocea_affinis,1,1,0,0,0,1,4,1
Moreae,Sorocea_bonplandii,1,1,0,0,0,1,4,1
Moreae,Sorocea_briquetii,1,1,0,0,0,1,4,1
Moreae,Sorocea_duckei,1,1,0,0,0,1,4,1
Moreae,Sorocea_guilleminiana,1,1,0,0,0,1,4,1
Moreae,Sorocea_hilarii,1,1,0,0,0,1,4,1
Moreae,Sorocea_jaramilloi,1,1,0,0,0,1,4,1
Moreae,Sorocea_muriculata_subsp_muriculata,1,1,0,0,0,1,4,1
Moreae,Sorocea_pubivena_subsp_pubivena,1,1,0,0,0,1,4,1
Moreae,Sorocea_sprucei_subsp_saxicola,1,1,0,0,0,1,4,1
Moreae,Sorocea_steinbachii,1,1,0,0,0,1,4,1
Moreae,Sorocea_subumbellata,1,1,0,0,0,1,4,1
Moreae,Sorocea_trophoides,1,1,0,0,0,1,4,1
Antiarideae,Sparratosyce_dioica_Weiblen1223,1,1,0,0,0,0,4,0
Antiarideae,Streblus_asper_EG696,2,0,0,1,0,0,3,1
Antiarideae,Streblus_tonkinensis_Hoang_CBL1644,0,0,0,1,0,0,3,1
Moreae,Taxotrophis_ilicifolia,1,0,0,0,0,0,3,1
Moreae,Taxotrophis_macrophylla,2,0,2,0,0,0,4,1
Moreae,Taxotrophis_spinosa,1,0,0,0,0,0,3,1
Moreae,Taxotrophis_taxoides,1,0,0,0,0,0,3,1
Moreae,Taxotrophis_zeylanica,1,0,0,0,0,0,3,1
Dorstenieae,Treculia_acuminata,1,1,0,0,0,0,3,1
Dorstenieae,Treculia_africana,2,1,2,0,0,0,4,1
Dorstenieae,Treculia_obovoidea,1,1,0,0,0,0,4,1
Dorstenieae,Trilepisium_madagascariense,0,1,1,1,0,0,4,1
Moreae,Trophis_cuspidata,1,0,0,1,0,1,3,1
Moreae,Trophis_involucrata,1,0,0,1,0,1,3,1
Moreae,Trophis_mexicana,1,0,0,1,0,1,3,1
Moreae,Trophis_racemosa,1,0,0,1,0,1,3,1
Dorstenieae,Utsetela_gabonensis,0,1,1,1,0,0,3,1
Dorstenieae,Utsetela_neglecta,0,1,1,1,0,0,3,1